RestaurantName,URL,Rewards,Rewards Signup,Gift Cards,Find Card,Online Order
Roadhouse 97,http://www.roadhouse97.com,,,,,
Jamba,http://www.jambajuice.com/,,,,,
Rocco's Pizzeria LLC,http://www.LetMeBoxYourPizza.com,,,,,
Mud and Char,http://www.mudandchar.com,,,,,
Ebisu Restaurant,http://www.ebisusushi.com,,,,,
Gambino's Pizza,https://www.gambinospizza.com/,,,,,
King's Road Brewing Company,http://www.kingsroadbrewing.com,,,,,
SPIEDIElicious,http://www.spiedielicious.com,https://www.toasttab.com/spiedielicious/rewards,,,,https://www.toasttab.com/spiedielicious/v2/online-order#!/
Queen City BBQ,http://www.qcityq.com,,,,,https://www.toasttab.com/qcbbq/v2/online-order#!/
Sala Thai Restaurant,http://www.salathaispokane.com,,,,,
Jamba,https://www.jamba.com,,,,,
Tino's Artisan Pizza Co.,http://www.nojunkpizza.com,,,,,
Bridgewater Bank Tavern and Restaurant,https://www.bridgewaterbanktavern.com,,,,,
Harpoon Riverbend Taps & Beer Garden,https://www.harpoonbrewery.com/,,,,,
812 Pizza Company,http://www.812pizzaandstuff.com,,,,,https://www.toasttab.com/812-pizza-company/v2/online-order
Golden Spoon,https://cathergroup.com/golden-spoon,,,,,
Mansfield Family Restaurant,http://mansfieldfamilyrestaurant.com/,,,,,
Vida Verde,http://www.vidaverdeny.com,,,,,
North Of Chicago Pizza,http://www.northofchicagopizza.com,,,,,https://www.toasttab.com/north-of-chicago-pizza/v2/online-order#!/
The Chocolate Pig,https://www.thechocolatepig.com/,,,https://www.toasttab.com/thechocolatepig/giftcards,,
Stoney's Bar & Grill,http://www.stoneysbarandgrill.com,,,,,
AsiaSF,http://asiasf.com,,,,,
Chicken Man and Gianellis Pizza,http://www.gianellis.com,,,,,https://www.toasttab.com/chickenmangianellis/v2/online-order#!/order
La Mange',http://lamange.com,,,,,
Sawmill Restaurant,http://www.thesawmillgrill.com,,,,,
Razza,http://www.razzanj.com,,,https://www.toasttab.com/razza/giftcards,,
Ido Bar & Grill,https://www.idobar.com,,,,,
Spiteful Brewing,http://www.spitefulbrewing.com/,,,,,
The Skunk and Goat Tavern,https://skunkandgoattavern.com/,,,https://www.toasttab.com/theskunkandgoattavern/giftcards,,
Sneha Indian Cuisine,http://www.SnehaIndianCuisine.com,,,,,
Batch & Brine,http://www.batchandbrine.com,,,https://www.toasttab.com/batch-brine/giftcards,,
Camber Coffee,http://www.cambercoffee.com,,,,,
Leo's Place Diner,http://www.leosplacediner.net,,,,,
Heart & Soul Cafe,http://www.heartandsoul.cafe,,,,,
Walt's Flavor Crisp Chicken,http://www.waltschickende.com,,,,,http://www.toasttab.com/walts-flavor-crisp-chicken/v2/online-order#!/
Street City Pub,http://www.streetcity.pub,,,,,https://www.toasttab.com/street-city-pub-hyplz/v2/online-order#!/
Ovation Bistro & Bar,http://www.ovationbistro.com,,,https://www.toasttab.com/ovation-bistro-bar-davenport/giftcards,https://www.toasttab.com/ovation-bistro-bar-davenport/findcard,https://www.toasttab.com/ovation-bistro-bar/v2/online-order#!/
Michael Paulus Test Restaurant,http://mikegrowsgreens.com,,,,,
Good Bar,https://www.facebook.com/Goodbar-1481368695249255/,,,,,
Cedar Gardens,http://www.cedargardenbanquet.com/,,,,,
Elixir Bar & Grill,http://www.elixirbarandgrill.com,,,https://www.toasttab.com/elixir-bar-grill/giftcards,,
Sherman's Taphouse,http://www.shermanstaphouse.com/,,,,,https://www.toasttab.com/shermans-tavern-taps/v2/online-order#!/
Molly Brannigan's Irish Pub,https://www.mollybrannigans.com/,,,,,
Revolution,https://www.revolutionatlanta.com/,,,,,https://www.toasttab.com/revolution-coffee-works-truck/v2/online-order#!/
Colletti's Restaurant,http://collettis.com/,,,https://www.toasttab.com/collettis-restaurant/giftcards,,https://www.toasttab.com/collettis-restaurant/v2/online-order#!/
Basshole Brews,http://www.baseholebrews.us,,,,,
Fifth Frame Brewing,http://www.fifthframe.co,,,,,
Ingredient of Clayton,https://ingredientofclayton.com,,,,,
The Shed,https://www.intheshed.com,,,https://www.toasttab.com/the-shed/giftcards,,https://www.toasttab.com/locations/8ed31bf8-751f-40c7-8280-978b7dcf3389#!/
Anita's Kitchen,https://anitaskitchen.com,,,,,https://www.toasttab.com/aktakeaway/v2/online-order#!/
Napua at Mauna Lani Beach Club,http://www.napuarestaurant.com,,,,,
Nitro Galactic Ice Cream Shop,https://www.Nitrogalactic.com,,,,,https://www.toasttab.com/nitrogalactic/v2/online-order#!/
O'Brien's Irish Pub,http://www.obrienspubsbrandon.com,,,,,https://www.toasttab.com/obrienspubsbrandon/v2/online-order#!/
Healthy Creations Cafe,https://www.healthycreations.com/homepage,,,,,
City Squire,http://citysquirealepub.com/,,,,,
Camille's Wood Fired Pizza,http://camillespizza.com/,,,,,https://www.toasttab.com/camilles-wood-fired-pizza/v2/online-order#!/
Mia Za's,http://www.miazas.com,,,,,https://www.toasttab.com/mia-zas-shard-1/v2/online-order#!/
Water Street Cafe,http://www.waterstreetcafe.com,,,,,
Finistere,http://www.restaurantfinistere.com,,,https://toasttab.com/finistere-port-townsend/giftcards,,
LeBus Bistro,https://www.lebuseastfalls.com/,,,,,
Paniniz Cafe & Catering,http://paniniz.com,,,,,
Caps N Taps,http://www.capsntapscamas.com,,,,,
Wild Thyme Cafe,http://www.wildthymekanab.com,,,,,https://www.toasttab.com/wild-thyme-cafewild-thyme-cafe/v2/online-order#!/
The Bayou,http://www.dat-bayou.com,,,,,
Poliseno's Pizzeria,https://polisenosdover.com/,,,,,
Violet,https://www.violetseattle.com/,,,,,
La Tasca,http://latascausa.com/,,,,,
Charga,http://www.chargagrill.com,,,,,https://www.toasttab.com/charga/v2/online-order#!/
Basilico's Pasta e Vino,http://www.basilicospastavino.com,,,,,
Bohemeo's,http://www.bohemeos.com,,,,,
University of Beer,https://www.theuob.com,,,https://www.toasttab.com/university-of-beer-davis/giftcards,,
Wally's Deli,https://www.wallysdelifortmyers.com,,,,,
Industry,http://industrytx.com,,,https://www.toasttab.com/industry-san-marcos/giftcards_link,,https://www.toasttab.com/industry-san-marcos/v2/online-order#!/
Pelons Baja Grill,https://pelonsbajagrill.com/,,,,,
Kingston Kitchen,http://www.thekingstonkitchen.com,,,,,
Fire Wings Fairfield,https://www.firewings.com/fairfield-ca-94533,,,,https://www.toasttab.com/fire-wings/findcard,https://www.toasttab.com/firewings-msa2-2-fairfield/v2/online-order#!/
Little Pub,http://littlepub.com/oldsaybrook/,,,,,https://www.toasttab.com/little-pub-old-saybrook/v2/online-order#!/
Koehn Bakery,http://www.koehnbakery.com,,,,,
Fire Wings Lodi,https://www.firewings.com/lodi-ca-95242,,,,https://www.toasttab.com/fire-wings/findcard,https://www.toasttab.com/fire-wings-lodi/v2/online-order#!/
D6 Pizza,http://d6pizza.com,,,https://www.toasttab.com/d6pizza/giftcards,,
Detroit Wing Company,http://www.detroitwingco.com,,,,,https://www.toasttab.com/detroit-wing-comapny-taylor/v2/online-order#!/
Lehmans Farmhouse,https://www.lehmansfarmhouse.com,,,,,
Revolution,http://www.revolutionatlanta.com,,,,,https://www.toasttab.com/revolution-coffee-works-truck/v2/online-order#!/
Taco Lingo,https://tacolingo.com/,,,,,https://www.toasttab.com/taco-lingo-uptown/v2/online-order#!/
Mellie's New York Deli & Eatery,http://www.MelliesNewYorkDeli.com,,,,,
Trattoria No. 10,http://www.trattoriaten.com/,,,https://www.toasttab.com/trattoria-no-10/giftcards,,
Whistling Table,http://www.whistlingtable.com,,,,,
Pie Tap Pizza Workshop + Bar,https://pie-tap.com/,,,,,
Wing Snob,http://www.thewingsnob.com,,,,,https://www.toasttab.com/locations/adfa9124-1f83-483d-9820-8761adaf50ed#!/
Izzy's Arcade Bar,http://www.izzysarcadebar.com,,,,,https://www.toasttab.com/izzysarcadebar/v2/online-order#!/
Penn's Bar and Grill,http://www.pennsbarandgrill.com,,,,,
Monarca's Authentic Mexican Cuisine,http://www.monarcasrestaurants.com,,,,,https://www.toasttab.com/monarcas-authentic-mexican-cuisine-bar-and-grill/v2/online-order#!/
Casa Amore,https://www.CasaAmore.net,,,,,
Big Mill's Cheesesteaks,https://bigmills.com/,,,,,https://www.toasttab.com/big-mills-cheesesteaks/v2/online-order#!/
Spice Thai,https://www.spicethaiusa.com,,,,,
Hank's Honky Tonk,https://hankshonkytonk.squarespace.com/config/?frameUrl=%2Fhome,,,,,
7venth Sun Brewing Company,http://www.7venthsun.com,,,,,
Trestle on Tenth,http://www.trestleontenth.com,,,,,
Pressroom,http://www.eatatpressroom.com,,,https://www.toasttab.com/pressroom/giftcards,,
Little Havana Restaurant,http://www.littlehavanarestaurant.com,,,,,https://www.toasttab.com/little-havana-restaurant/v2/online-order#!/
Dizzy Birds Rotisserie,http://www.dizzybirdsrotisserie.com,,,,,
Homestead.,http://www.eathomestead.com,,,,,
Crossroads Seafood and Steakhouse,http://www.CrossRoadsPlantCity.Com,,,,,
West Coast Provisions,https://westcoastrva.com,,,,,
Campus Cafe,http://www.campuscafe.mn,,,,,
Local Taco,https://www.localtaco.com,,,,,
The Lobster Pot,http://www.thelobsterpotrestaurant.com,,,https://www.toasttab.com/the-lobster-pot/giftcards,,https://www.toasttab.com/the-lobster-pot/v2/online-order#!/
Higher Grounds,https://www.highergrounds.me,,,,,
Kathryn's Grille,http://www.kathrynsgrille.com,,,,,
Hops n Drops,http://hopsndrops.com,,,,,https://www.toasttab.com/locations/ff7003e2-1f4d-4714-9b00-c5b8eda9a5b9#!/
Grand Central Bakery,http://www.grandcentralbakery.com,,,,,
Boxcar Betty's,http://www.boxcarbettys.com,,,,,
Burger George,https://www.toasttab.com/burger-george/v2/online-order,,,,,
Great Lakes Brewing Company,http://www.greatlakesbrewing.com,,,,,
Musketeers Bar & Grill,http://www.musketeersgrill.com,,,,,https://www.toasttab.com/musketeers-bar-grill-richfield/v2/online-order#!/order
Seoul BBQ & Sushi,http://www.seoulphx.com,,,,,
Meet The Goat,http://www.pinecuisine.com,,,,,
Anchor Stone Deck Pizza,http://www.anchorpizzeria.com/,,,,,https://www.toasttab.com/anchor-stone-deck-pizza/v2/online-order#!/
Theodore Rex,http://trexhouston.com,,,,,
Meat & Potatoes,https://www.meatandpotatoespgh.com/,,,https://www.toasttab.com/meat-and-potatoes/giftcards,,https://www.toasttab.com/meat-and-potatoes/v2/online-order#!/order
Casa Tequila Bar & Grill,https://www.casatequilarestaurant.com,,,,,
BTB Burrito,http://www.btbburrito.com,,,https://www.toasttab.com/btbburrito/giftcards,,
American Smokehouse Stadium,http://www.americansmokehousestadium.com,,,,,
The Cork 1794,https://cork1794.com/,,,,,
Hooley House Sports Pub & Grille,https://www.1funpub.com/,,https://www.toasttab.com/hooley-house-sport-pub-and-grille-mentor/rewardsSignup,https://www.toasttab.com/hooley-house-sport-pub/giftcards,https://www.toasttab.com/hooley-house-sport-pub/findcard,
Griff's,http://www.griffs35.com,,,,,
Truman's KC Pizza Tavern,http://trumanspizza.515sites.com/,,,,,
Roam Artisan Burgers,http://www.roamburgers.com,,,https://www.toasttab.com/roam-artisan-burgers-union/giftcards,,
Il Corallo Trattoria,https://www.ilcorallotrattoria.com/,,,,,
Pelons Baja Grill,http://pelonsbajagrill.com,,,,,
Fire Wings Natomas,https://www.firewings.com/sacramento-ca-95835,,,,https://www.toasttab.com/fire-wings/findcard,https://www.toasttab.com/fire-wings-sacramento/v2/online-order#!/
Blue Ash Chili,https://www.blueashchili.com,,,,,
Red Lion Pub,http://www.redlionpubmke.com/,,,,,
Jaipur Royal Indian Cuisine,http://www.jaipurcuisine.com/,,,,,https://www.toasttab.com/jaipur-royal-indian-cuisine/v2/online-order
Troupe429,http://troupe429.com,,,,,
Lincoln & Main Gastropub,http://lincolnmain.com,,,https://www.toasttab.com/lincoln-main-restaurant/giftcards,,https://www.toasttab.com/lincoln-main-restaurant/v2/online-order#!/
Zeeland Street,http://zeelandstreet.squarespace.com/,,,,,
Noshville Delicatessen,http://www.noshville.com,,,,,
Laury's Restaurant,http://www.laurysrestaurant.com,,,,,
Arigna Irish Pub & Coal Fire Kitchen,http://www.arignairishpub.com/,,,,,
Chopstix,http://www.chopstix-tyler.com,,,,,
Barrel and Pie,http://www.barrelandpie.com,,,,,https://www.toasttab.com/barrelandpie/v2/online-order#!/
Saddleback BBQ Retail,http://www.saddlebackbbq.com,,,,,
IBU Public House,http://ibupdx.com,,,,,
Tap & Bowl,http://www.tapandbowl.com,,,,,
The Brew Kettle,http://thebrewkettle.com,,,,,
Gino's Burgers & Chicken,http://www.ginostowson.com,,,,,http://www.toasttab.com/ginostowson/v2/online-order#!/
Chalawan,http://www.thechalawan.com/,,,,,
Poquitos Bothell,http://www.poquitosbothell.com/,,,,,https://www.toasttab.com/poquitos-bothell/v2/online-order#!/order
Bon Bon Sushi,http://www.bonbonsushi.com,,,,,
Napa Prime,http://www.napburgerbar.com,,,,,
Le Plonc,http://www.leplonc.com,,,,,
A Market,http://www.amarketnb.com,,,,,
John & Peter's,https://www.johnandpeters.com,,,,,
Azo's,http://www.toasttab.com,,,,,
Field & Vine,https://www.fieldandvinesomerville.com,,,,,
GROVE,https://www.groveLWR.com,,,,,
Bar 88 & Grille,http://www.tauntonbar88.com,,,,,
Chloe,http://www.restaurantchloe.com,,,https://www.toasttab.com/restaurantchloe/giftcards,,
Main Street Pub,http://www.mainstpub.com/,,,,,
Contigo Fareground Archived,https://faregroundaustin.com/vendors/concept-2,,,,,
Beckon,https://www.beckon-denver.com,,,,,
Beecher's Handmade Cheese,https://beechershandmadecheese.com/locations-landing/,,,,,
Mexican Table,http://www.mexicantablerestaurant.com,,,,,
Legacy Bar and Grill,http://www.legacygrillandbar.com,,,,,
Iron Pig Smokehouse,http://www.theironpigsmokehouse.com,,,https://www.toasttab.com/the-iron-pig-smokehouse/giftcards,,https://www.toasttab.com/the-iron-pig-smokehouse/v2/online-order#!/
Angie's Soul Cafe,http://www.angiessoulcafe.com,,,,,
HUMMUS,http://www.hummusbowls.com,,,,,https://www.toasttab.com/locations/47c47b01-68d6-4856-9921-b46193e60140
S'MAC,http://www.eatsmac.com,,,https://www.toasttab.com/s-mac-east-village/giftcards,https://www.toasttab.com/s-mac-east-village/findcard,https://www.toasttab.com/s-mac-east-village/v2/online-order#!/
Whidbey Doughnuts,http://www.whidbeydoughnuts.com,https://www.toasttab.com/whidbey-doughnuts/rewards,https://www.toasttab.com/whidbey-doughnuts/rewardsSignup,,,https://www.toasttab.com/whidbey-doughnuts/v2/online-order#!/
Cubs Q,http://cubsq.com/,,,,,
Lucha Libre,http://www.luchalibretacoshop.com,,,,,https://www.toasttab.com/lucha-libre-gourmet-taco-shop-university-ave/v2/online-order#!/
Savin Bar + Kitchen,https://www.savinbarandkitchen.com,,,,,"{""imageData"":{""type"":""Image"",""id"":""dataItem-k69yzci6"",""metaData"":{""pageId"":""masterPage"",""isPreset"":false,""schemaVersion"":""1.0"",""isHidden"":false},""title"":""order on toast take out.png"",""uri"":""9d160a_d7576947898640b9aa4a27db4aca2851~mv2.png"",""width"":109,""height"":72,""alt"":"""",""link"":{""type"":""ExternalLink"",""id"":""dataItem-k69z0w8w"",""metaData"":{""pageId"":""masterPage"",""isPreset"":false,""schemaVersion"":""1.0"",""isHidden"":false},""url"":""https://www.toasttab.com/savin-bar-and-kitchen-dorchester-ma/v2/online-order#!/"",""target"":""_blank""},""displayMode"":""fill""},""containerId"":""comp-k69yzchc"",""displayMode"":""fill""}"
BuenoMalo,http://www.buenomalo.com,,,,,https://www.toasttab.com/buenomalo/v2/online-order#!/
Dos Toros,https://www.dostoros.com/,,,,,
The Diplomat,https://www.thediplomatmke.com/,,,https://www.toasttab.com/diplomat/giftcards,,
Costa Manhattan Beach,http://www.costa-mb.com,,,,,
Cinderlands Foederhouse,https://www.cinderlands.com,,,https://www.toasttab.com/cinderlands-beer-co/giftcards,,https://www.toasttab.com/cinderlands-warehouse/v2/online-order#!/
BBQ Chicken Buena Park,http://www.instagram.com/bbqchickenbp,,,,,
Dirty Water Restaurant & Bar,http://www.dirtywatersf.com,,,,,
Lu's Sandwiches,http://www.lussandwiches.com,,,,,
Northern Bell,http://www.northernbellny.com,,,,,
Pies 'n' Thighs,http://www.piesnthighs.com,,,https://www.toasttab.com/pies-n-thighs/giftcards,,https://www.toasttab.com/pies-n-thighs/v2/online-order#!/
The Shortline/The Firebox,https://www.shortlinesushi.com,,,,,https://www.toasttab.com/theshortline/v2/online-order#!/
OC,http://www.organiccornerny.com,,,,,
Brooklyn Pizza Authority,http://www.bkpizzaauthority.com,,,,,
The Corner Restaurant,http://www.thecornerkc.com,,,,,
Fire Wings Manteca,http://www.firewings.com,,,,https://www.toasttab.com/fire-wings/findcard,
The Joint,http://www.TheJointMV.com,,,,,https://www.toasttab.com/the-joint-mount-vernon/v2/online-order#!/
Blue Mermaid,https://www.bluemermaid.com/,,,,,
Night Train Pizza,https://www.nighttrainpizza.com,,,,,https://www.toasttab.com/night-train-pizza/v2/online-order#!/
Tahini,http://www.tahinistreetfood.com,,,,,https://www.toasttab.com/tahini-clairemont/v2/online-order#!/order
Thirty's Craft Pizza & Beers,http://www.thirtyspizza.com,,,,,
Chauncey's Family Dining,http://chaunceysfamilydining.com/home/4401126,,,,,
University of Beer,http://www.theuob.com,,,https://www.toasttab.com/university-of-beer-davis/giftcards,,
Two Boots DTLA,http://www.twoboots.com,,,,,
I Live for Dessert,http://www.ilivefordessert.com,,,,,https://www.toasttab.com/i-live-for-dessert/v2/online-order#!/order
Southwark,http://www.southwarkrestaurant.com,,,,,
Beecher's Handmade Cheese Test,http://www.beechershandmadecheese.com/,,,,,
Good Life Cafe,http://goodlifecafe.net/,,,,,
Nawa,https://www.nawa.live,,,https://www.toasttab.com/nawa/giftcards,,
Birch,http://www.restaurantbirch.com,,,,,
Bread Zeppelin Salads,http://www.breadzeppelin.com,,,https://www.toasttab.com/bread-zeppelin-salads-irving/giftcards,,https://www.toasttab.com/locations/593fa0e9-7486-48f9-bfda-f368baa307c1#!/
8th & English,https://www.8thandenglish.com,,,,,
1845 Taphouse,http://www.1845taphouse.com/,,,https://www.toasttab.com/1845-taphouse/giftcards,https://www.toasttab.com/1845-taphouse/findcard,
Boss Man Burgers,http://bossmanburger.com,,,,,
Procopio's Pizza & Pasta,http://www.procopiosrestaurant.com,,,,,
Hooley House Sports Pub & Grille,https://www.1funpub.com,,https://www.toasttab.com/hooley-house-sport-pub-and-grille-mentor/rewardsSignup,https://www.toasttab.com/hooley-house-sport-pub/giftcards,https://www.toasttab.com/hooley-house-sport-pub/findcard,
Foundry Craft Grillery,https://www.foundrylebanon.com,,,,,
Wham Bam Bagels,http://www.whambamatx.com,,,,,
J. Selby's,http://www.jselbys.com,,,https://www.toasttab.com/j-selby-s/giftcards,,
RQ Mobile Kitchen,http://www.rqbbq.com,,,,,
Slapbox Pizzicheria,http://www.slapboxpizza.com,,,,,https://www.toasttab.com/slapbox-pizzicheria/v2/online-order#!/
Ricardo's Kitchen and Bar,http://chefricardo.com/,,,,,
Lawrence Beer Company,http://www.lawrencebeerco.com,,,,,
The Lantern,http://www.wassaiclanterninn.com,,,,,
Fire Wings Houston,https://www.firewings.com/sacramento-ca-95823,,,,https://www.toasttab.com/fire-wings/findcard,https://www.toasttab.com/fire-wings/v2/online-order#!/
*Hive and Hibernation*,http://www.HiveandHibernation.com,,,,,
Blacksmith's Breads,http://blacksmithsbreads.com,,,https://www.toasttab.com/blacksmithsbreads/giftcards,,
Shaggy's,https://shaggys.biz,,,,,
7 Locks Brewing,http://www.7locksbrewing.com,,,,,
Afro Deli & Grill,http://www.afrodeli.com,,,,,
The Queensboro,http://www.thequeensboro.com,,,https://www.toasttab.com/the-queensboro/giftcards,,
Adda Lounge & Restaurant,http://www.addafood.com,,,,,
Plain Kate's Riverside Saloon and All Ways Inn,http://toasttab.com/plain-kates-riverside-saloon,,,,,https://www.toasttab.com/plain-kates-riverside-saloon/v2/online-order#!/
Deke's Bagels,http://www.dekesbagels.com/,,,,,"{""imageData"":{""type"":""Image"",""id"":""dataItem-il0rili3"",""metaData"":{""pageId"":""a4d4d"",""isPreset"":false,""schemaVersion"":""2.0"",""isHidden"":false},""title"":"""",""uri"":""6a6346_d1ad97f9636743ae8e65511c288ff225~mv2_d_5184_3456_s_4_2.jpg"",""description"":"""",""width"":5184,""height"":3456,""alt"":""dirt bomb desert"",""crop"":{""x"":1480,""y"":0,""width"":3424,""height"":3456},""link"":{""type"":""ExternalLink"",""id"":""dataItem-j87sm7q4"",""metaData"":{""pageId"":""a4d4d"",""isPreset"":false,""schemaVersion"":""1.0"",""isHidden"":false},""url"":""https://www.toasttab.com/dekes-bagels/v2/online-order#!/order"",""target"":""_blank""},""displayMode"":""fill""},""containerId"":""comp-il0rili2"",""displayMode"":""fill""}"
M Restaurant at the Morris House Hotel,http://www.mrestaurantphilly.com,,,,,
Duetto Pizza and Gelato,http://duettopizza.com,,,,,https://www.toasttab.com/duetto-pizza-and-gelato/v2/online-order#!/
Deacon's New South,http://www.deaconsnewsouth.com,,,,,
MOJO Old City BBQ,http://www.mojobbq.com/,,,,,"{""onclick"":{""action"":""redirect-to-url"",""popup_id"":0,""url"":""https:\/\/www.toasttab.com\/locations\/bceddeb2-74dd-4992-bb60-ebcd831861f8#!\/"",""target"":""_blank"",""cookie_name"":""""}}"
Rene's Torchy's Tacos,https://torchystacos.com,,,,,
Rice & Bones,https://www.riceandbones.com/,,,https://www.toasttab.com/rice-bones/giftcards,,https://www.toasttab.com/rice-bones/v2/online-order#!/order
Papa Kenos Pizzeria,http://www.papakenoswestport.com/ouer3vtu417cncaqu43h1a8ta7buq4,,,,,
Death by Taco,https://www.deathbytaco.net,,,,,
"""CORNER grill",http://www.thecornerferndale.com,,,,,"[{""event"":""click"",""action"":""simplelink"",""target"":""_self"",""url"":""https:\/\/www.toasttab.com\/corner-grill-bar-%2B-gameroom\/v2\/online-order#!\/"",""delay"":""""}]"
Brooklyn Pizza Market,http://www.brooklynpizzamarket.com,,,,,
Yard Bar,http://www.yardbar.com,,,,,
Ron's Gourmet Ice Cream,https://ronsicecream.com/,,https://www.toasttab.com/rons-gourmet-ice-cream-dedham/rewardsSignup,,,
Ignite Gaming - Chicago,http://www.ignitegaming.com,,,,,
Napa Prime,http://www.napaburgerbar.com,,,,,
Veggie Heaven,http://www.veggieheavenaustin.com,,,https://www.toasttab.com/veggie-heaven/giftcards,,
The Flying Egg,http://www.theflyingeggbethlehem.com,,,,,
Poquitos,http://www.vivapoquitos.com,,,,,
Quicksand,https://www.quicksand.la,,,,,
The Chow Bros.,http://www.thechowbrothers.com,,,,,
Madcap,http://www.madcapmarin.com,,,https://www.toasttab.com/madcap-san-anselmo/giftcards/checkout,,
Sparky's Roadside Barbecue,http://www.BBQ305.com,,,,,
Vinni's Pizza & Pasta,https://vinnispizza-pasta.com,,,,,https://www.toasttab.com/vinnispizza-pasta/v2/online-order#!/
Something Different Grill,http://www.eatbowls.com,,,,,
Crane Ramen,http://craneramen.com/,,,,,
Kind Bean,http://thekindbean.com,,,,,
FDKY Barbecue,http://www.fdkybbq.com,,,,https://www.toasttab.com/fdky-barbecue/findcard,https://www.toasttab.com/fdky-barbecue/v2/online-order#!/
The Fat Lamb,http://www.fatlamblouisville.com,,,,,
Sonora Restaurant,http://www.sonorarestaurant.net,,,,,
Drew King's Test Restaurant,http://www.drewkings.com,,,,,
Prequel,http://www.prequelrestaurant.com,,,,,
Chuck's BBQ,https://chucksbbq.com/,,,,,
Hop River Brewing Company,http://www.hopriverbrewing.com,,,,,
Swan Street Diner,http://www.swanstreetdiner.com/,,,https://www.toasttab.com/swan-street-diner/giftcards,,https://www.toasttab.com/swan-street-diner/v2/online-order#!/
Gustazo - Cuban Restaurant & Cafe,http://www.gustazo-cubancafe.com,,,,,
Element Seafood,http://www.elementgreatneck.com,,,,,
Lolo Hawaiian BBQ,http://www.lolohawaiianbbq.com,,,,,
Rudy's Country Store & Bar-B-Q,http://www.rudysbbq.com,,,,,
Bavarian Bakery and Deli,http://www.yourfavoritebakery.com,,,,,https://www.toasttab.com/bavarian-bakery-and-deli/v2/online-order#!/order
Bennett's Pure Food Bistro,http://www.bennettsbistro.com/,,,,,
Mariscos El Charco,http://www.mariscoselcharco.com,,,,,
CO-OP,https://www.coopramen.com/,,,https://www.toasttab.com/co-op/giftcards,,
Holcombs Classics,http://www.holcombsclassics.com,,,,,
Fri 2/14 WE ARE BACK!! Hartford Hospital,http://trufflesbakery.com/,,,,,
Southern Grounds & Company,http://www.southerngrounds.com,,,,,https://www.toasttab.com/locations/f7487643-e5b8-4522-82d8-a2601edcace1#!/
East Coast Provisions,https://eastcoastrva.com,,,,,
Noona's,https://www.noonaspizza.com/,,,,,https://www.toasttab.com/noonas/v2/online-order#!/
Comfort CRAFT Cafe,http://www.ComfortCRAFTcafe.com,,,,,
Wayne Dabrowski - Test,http://www.inkdrinkinc.com,,,,,
Mt. Pleasant Grille's Retro Lunch Menu,https://www.mtpleasantgrille.com,,,https://www.toasttab.com/mt-pleasant-grille/giftcards,,
Jefe's Taco Shop,http://www.jefestacoshop.com,,,,,
Sunset Room Cafe,https://www.sunsetroomparkcity.com/,,,,,
@nerdvana.coffee+shop,http://nerdvanafrisco.com/coffee/,,,,,
Afro Deli & Grill,https://www.afrodeli.com,,,,,
Barrio,http://www.barriochicago.com,,,,,
101 North Eatery & Bar,https://www.101northeateryandbar.com,,,,,
Somtum Modern Thai Cuisine,http://www.somtummondernthaicuisine.com,,,,,
Spin Pollo,http://www.spinpollo.com,,,,,
Jimmies - Test,http://www.josephinepratt.com,,,,,
Beaker & Gray,http://www.beakerandgray.com,,,https://www.toasttab.com/beakerandgray/giftcards,,
CRAFT Donuts + Coffee,https://www.craftdonutscoffee.com,,,https://www.toasttab.com/craft-donuts-coffee/giftcards,,https://www.toasttab.com/locations/41a3191d-f8c8-47a8-a02a-b8418526159b#!/
Five Suns Brewing,http://www.fivesunsbrewing.com,,,,,
Southfin Southern Poke,https://southfinpoke.com/,,,,,
Momi Nonmi,http://www.mominonmi.com,,,,,
East Side Pies,https://eastsidepies.com,,,https://www.toasttab.com/east-side-pies-rosewood/giftcards,,https://www.toasttab.com/east-side-pies-n183/v2/online-order#!/
Zin Gastro Pub,http://www.zingastropub.com,,,,,
Taste by Niche,http://www.tastebarstl.com,,,https://www.toasttab.com/tastebarstl/giftcards,,
Wayside Market,http://www.waysidemarket.com,,,,,
Cioffi's Italian Restaurant & Pizzeria,http://www.cioffisfood.com,,,,,
Breakfast Club,https://www.breakfastclub.us,,,,,
Mala Project,http://www.malaproject.nyc,,,,,
Sartini's Pizzeria,http://Sartinis-Pizza.com,,,,,
The Dive Steam Kettle Cooking,https://www.divesteamkettlecooking.com,,,,,https://www.toasttab.com/the-dive-skc/v2/online-order#!/
La Hacienda Dover,http://www.lahadelaware.com,,,,,
Blue Ash Chili,http://www.blueashchili.com,,,,,
Biju's Little Curry Shop,http://www.littlecurryshop.com,,,,,
Sopraffina Marketcaffe (Lunch Only),https://www.sopraffina.com/,,,https://www.toasttab.com/sopraffina-marketcaffe-adams/giftcards,https://www.toasttab.com/sopraffina-marketcaffe-adams/findcard,https://www.toasttab.com/locations/d91f9544-2e44-429d-b93a-4516b1c13494#!/
AT 580 Market,http://www.At580Market.com,,,,,https://www.toasttab.com/at-580-market/v2/online-order#!/
Sub Zero Vodka Bar,http://www.subzerovodkabar.com,,,,,https://www.toasttab.com/sub-zero-vodka-bar/v2/online-order#!/
Boss Dog Brewing Co.,http://www.BOSSDOGBREWING.COM,,,,,
Catania,http://www.cataniasd.com,,,https://www.toasttab.com/catania-la-jolla/giftcards,,
Loma Brewing Company,http://www.lomabrew.com,,,,,
Pork Belly Farmhouse,http://www.porkbellyfarmhouse.com,,,https://www.toasttab.com/pork-belly/giftcards,,
BOMBA Tacos & Rum,http://bombatacos.com/,,,,,
Schat's Bakeries & Café,http://www.schats.com/,,,,,
Condado Tacos,http://www.condadotacos.com,,,https://www.toasttab.com/condado-tacos-downtown-cbus/giftcards,,
Frankie's Pizza,http://frankiespizzaeg.com/,,,,,
Crossroads Cafe,http://crossroadscafejtree.com/,,,,,
Samantha's of Bandera,http://www.samanthasofbandera.com,,,,,
This Little Pig,https://www.toasttab.com/this-little-pig,,,,,
Pollyanna Brewing Company,https://pollyannabrewing.com/,,,,,
Bluefox Indian Bar and Grill,http://www.bluefoxmn.com,,,,,
Ohana Kitchen,https://www.ohana.kitchen,,,,,
Sam's No.3,http://www.samsno3.com/,,,,,
Doc's Backyard,http://www.eatdrinkdocs.com,,,,,
Bastards American Canteen,http://www.Bastardscanteen.com,,https://www.toasttab.com/bastards-american-canteen-downey/rewardsSignup,,,https://www.toasttab.com/bastards-american-canteen-downey/v2/online-order
Local Taco,https://www.localtaco.com/,,,,,
Quintana's Speakeasy,https://qbds.net/speakeasy/,,,https://www.toasttab.com/quintanas-speakeasy/giftcards,,
Cantalini's Salerno Beach,http://www.salernobeach.com,,,,,
Xi'an Famous Foods,http://www.xianfoods.com,,,,,
FG,http://www.michiganandtrumbullpizza.com,,,,,
The Kitchen Table,http://www.thekitchentablesr.com,,,,,https://www.toasttab.com/thekitchentablesr/v2/online-order#!/order
Bouldin Creek Cafe,http://bouldincreekcafe.com,,,https://www.toasttab.com/bouldin-creek-cafe/giftcards,,
Farm Fresh Food Truck,http://ingredientofclayton.com,,,,,
The Larrupin Cafe,http://www.thelarrupin.com/,,,,,
Gyro on 27th,http://milwaukeegyro27.mobile-webview.com/,,,,,
Farm & Fries,http://www.farmandfries.com,,,,,
Newbury Salads EXPO Market,http://newburysalads.com,,,,,
Teays River Brewing & Public House,http://www.teaysriverbrewing.com,,,,,
Ciao Pizzeria Cerino,http://ciaocerino.com/,,,,,https://www.toasttab.com/ciaopizzeriacerino/v2/online-order#!/
Mount Carmel Bobe's Pizza,http://www.bobespizza.net/mt-carmel-menu/,,,,,https://www.toasttab.com/bobes-pizza-mt-carmel/v2/online-order#!/
Stefano's Golden Baked Hams,http://www.StefanosFoods.com,,,,,
Revel Kitchen,https://www.eatrevelkitchen.com/,,,,,
XXX-The Decantery AMSO TEST,http://www.thedecantery.com,,,,,
J Coco Restaurant,http://jcocoomaha.com,,,,,
Great Bagel & Bakery,http://www.eatgreatbagel.com,,,,,https://www.toasttab.com/locations/6f6d401a-8f3e-4176-9a7f-65a0eecad2bf
Krankies,http://www.krankiescoffee.com,,,,,
La Casita Pupuseria & Market,http://lacasitapupusas.com/,,,,,
Ninja Ramen,http://www.ninjaramen.com,,,,,
Slice420,http://www.slice420.com/,,,,,https://www.toasttab.com/slice-420/v2/online-order#!/
Rebellion DC,http://rebelliondc.com/,,,,,
The Royal Grocer & Co,https://WWW.ROYALGROCER.COM,,,,,
The Clover and the Bee,https://www.thecloverandthebee.com/menu,,,https://www.toasttab.com/clover-and-the-bee/giftcards,,https://www.toasttab.com/clover-and-the-bee/v2/online-order#!/
The Viand,http://www.theviand.com,,,,,https://www.toasttab.com/the-viand/v2/online-order#!/
Whisknladle Hospitality,https://www.whisknladle.com/,,,https://www.toasttab.com/whisknladle-la-jolla/giftcards,,
The Hard Shell,https://thehardshell.com/bellgrade/,,,,,
Gourmet Prep,https://www.gourmetprepkitchen.com,,,,,https://www.toasttab.com/gourmet-prep/v2/online-order#!/
Fire Wings Hayward,https://www.firewings.com,,,,https://www.toasttab.com/fire-wings/findcard,
Splashers Grill,http://www.splashersgrillkona.com/,,,,,https://www.toasttab.com/splashers-grill-kailua-kona/v2/online-order#!/
Carmo Restaurant & Bar,http://CafeCarmo.com,,,https://www.toasttab.com/carmo/giftcards,,
dosa by DOSA,http://dosabydosa.com/,,,,,https://www.toasttab.com/dosaonfillmore/v2/online-order#!/
NAYA,https://www.eatnaya.com/,,,,,
Doc's Bourbon Room,https://www.docsbourbonroom.com/,,,,,
Satchmo's Cajun & BBQ,http://www.satchmosaz.com,,,,,
Outlaw Saloon,http://www.sundancervresortca.com,,,,,
Salt & Forge Restaurant,http://www.saltandforge.com,,,,,https://www.toasttab.com/salt-forge/v2/online-order#!/
Melisse,http://citrinandmelisse.com,,,https://www.toasttab.com/citrinandmelisse/giftcards,,
HaveABURGER,http://www.haveaburger.com/,,,,,https://www.toasttab.com/haveaburger/v2/online-order#!/
Polo Bar and Grill,http://www.polowestgolf.com,,,,,
Red Star North,http://www.RedStarBar.us,,,,,
Queenstown Bistro,https://www.queenstownbistro.com/,,,,,
Amore Pizzeria Ristorante,https://amorezionsville.com/,,,https://www.toasttab.com/amore-pizzeria-ristorante/giftcards,,https://www.toasttab.com/amore-pizzeria-ristorante/v2/online-order#!/
Wing It On!,http://www.wingiton.com,,,,,
Mamma Susi Bakeshop,https://turano.com/mamma-susi/,,,,,
Dairy Dream,http://www.dairydreamweb.com,,,,,
TRADERS POINT CREAMERY,http://traderspointcreamery.com/,,,,,
Dirty Frank's Hot Dog Palace,http://www.dirtyfranks.com/,,,,,
Orinoco: A Latin Kitchen,http://www.orinocokitchen.com,,,,,https://www.toasttab.com/locations/fb00bfba-6f4f-49d4-98ba-d5ab423aa004#!/
The Naughty Pig - WH,http://www.thenaughtypig.com,,,,,
Gamlin Whiskey House,https://www.gamlinwhiskeyhouse.com,,,,,
XXX-Cookiegazm,https://www.cookiegazm.com/,,,,,
University of Beer,http://theuob.com/,,,https://www.toasttab.com/university-of-beer-davis/giftcards,,
His Place Eatery,https://hisplaceeatery.com/,,,,,
Villaggio Deli & Restaurant,http://www.villaggiodeli.com,,,,,
Queenstown Public House,http://www.queenstownpublichouse.com/,,,https://www.toasttab.com/queenstown-public-house/giftcards,,https://www.toasttab.com/queenstown-public-house/v2/online-order#!/order
Sa-Bai Thong,http://www.sabaithong.com,,,,,
South Point Tavern,http://www.southpointtavern.com,,,,,
Little Pub,http://www.littlepub.com,,,,,
Bon Fresco - Baltimore,http://www.bonfresco.com/,,,,,https://www.toasttab.com/locations/65e8d360-9df2-4f8d-830d-4d004a420f2b#!/
PurePoke,http://www.purepoketx.com,,,,,
Taft’s Brewpourium - Cincinnati,http://taftsalehouse.com,,,,,
Pharm Table,http://www.pharmtable.com,,,https://www.toasttab.com/pharmtable/giftcards,,https://www.toasttab.com/pharmtable/v2/online-order#!/order
Hilligans Sports Bar,http://www.hilligans.com,,,,,https://www.toasttab.com/hilligans-sports-bar-bowling-green/v2/online-order#!/
Dooby's,http://www.doobys.com,,,,,
Hogwood BBQ,http://www.hogwood.com,,,,,https://www.toasttab.com/hogwood-bbq/v2/online-order#!/
The Ginger Root Restaurant & Bar,http://www.gingerrootasiankitchen.com,,,,,
Balance Patch,http://www.balancepatch.com,,,,,
Spread Wood Fire Eater,http://www.SpreadWoodFireEatery.com,,,,,
Drunken Dragon,http://www.drunkendragon.com,,,,,
Fire Wings Loomis,https://www.firewings.com/antelope-ca-95843,,,,https://www.toasttab.com/fire-wings/findcard,https://www.toasttab.com/fire-wings-antelope/v2/online-order#!/
The Daily Kitchen & Bar,https://thedailykitchenandbar.com/,,,,,
Breakers Topinabee,http://www.breakerstopinabee.com,,,https://www.toasttab.com/breakers-topinabee/giftcards,https://www.toasttab.com/breakers-topinabee/findcard,
Hydraulic Hearth,https://hydraulichearth.com/,,,http://toasttab.com/hydraulic-hearth/giftcards,,
Papa Kenos Pizzeria,http://www.papakenos.com/papa-lawrence/88abl8hfan6bipm97hkp2tgcemk7r1,,,,,
Tequila Revolucion,http://www.toasttab.com/tequila,,,,,
Sopraffina Marketcaffe,https://www.sopraffina.com,,,https://www.toasttab.com/sopraffina-marketcaffe-adams/giftcards,https://www.toasttab.com/sopraffina-marketcaffe-adams/findcard,https://www.toasttab.com/locations/d91f9544-2e44-429d-b93a-4516b1c13494#!/
Overtime Sports Bar & Grill,http://www.overtimesbg.com,,,,,
The Castle: A Board Game Cafe,http://thecastlebeverly.com/,,,https://www.toasttab.com/thecastlebev/giftcards,,https://www.toasttab.com/thecastlebev/v2/online-order#!/order
Front Page Deli,http://www.frontpagedeli.com,,,,,
The Chophouse on Bankhead,http://www.chophouseonbankhead.com,,,https://www.toasttab.com/thechophouseonbankhead/giftcards,,
Gambino's Pizza,https://www.gambinospizza.com,,,,,
Hillcrest Brewing Company,http://www.Hillcrestbrewingcompany.com,,https://www.toasttab.com/hillcrest-brewing-company/rewardsSignup,,,
Sapphire Creek Operating Company,http://www.sapphire-creek.com,,,,,
The Hard Shell,https://thehardshell.com/downtown/,,,,,
Petanque Wine Club & Bar,https://www.petanquepb.com/the-wine-club.html,,,,,
T's Rockin Roadhouse,http://www.tsrockinroadhouse.com,,,,,
Revival Cafe,http://www.revivalcafeandkitchen.com,,,https://www.toasttab.com/revival-cafe-alewife/giftcards,,
Seattle Kosher Catering,http://www.kogoseattle.com,,,,,
Waka Waka,http://www.wakaatx.com,,,,,
Forno,http://www.fornoomaha.com,,,,,https://www.toasttab.com/forno.omaha/v2/online-order#!/
Craft & Racked Wine Bar,http://www.craftandracked.com,,,,,
Taino's Bakery,http://www.tainosbakery.com,https://www.toasttab.com/tainosbakery/rewards,https://www.toasttab.com/tainosbakery/rewardsSignup,,,https://www.toasttab.com/locations/d4ed464b-8d88-4092-ad95-91921c9e5d4b#!/
Triple Beam Pizza - Highland Park,https://www.triplebeampizza.com/,,,https://www.toasttab.com/triple-beam-pizzeria-la/giftcards,,https://www.toasttab.com/triple-beam-pizzeria-la/v2/online-order#!/order
MAAK,https://themaak.com,,,,,
Magnolia 525 Tavern,http://525magnolia.com/,,,,,
Southside Spirit House,http://southsidesf.com,,,,,
Taco Tuyo,http://tacotuyo.com,,,,,
Colada Shop,http://coladashop.com,,,https://www.toasttab.com/colada-shop-sterling/giftcards,,
Greene Square,http://greenesquarerestaurant.com/,,,,,
Romancing the Bean,http://www.romancingthebean.com/,,,,,
The Gingham Cafe,http://ginghamcafe.com/,,,,,
Nacho Mama's,http://www.nachomamasva.com/,,,,,
77 Sport Bar,http://www.77sportbar.com,,,,,https://www.toasttab.com/77-sport-bar/v2/online-order#!/
Somkit,http://www.somkitdixon.com,,,https://www.toasttab.com/somkit/giftcards,,https://www.toasttab.com/somkit/v2/online-order#!/
Fiddlesticks Bar & Grill,http://fiddlesticksbar-grill.com/,,,https://www.toasttab.com/fiddlesticks-bar-and-grill/giftcards,,https://www.toasttab.com/fiddlesticks-bar-and-grill/v2/online-order#!/
Red 88 Noodle Bar,https://Red88noodlebar.com,,,,,https://red88noodlebar.com/#https://www.toasttab.com/red-88-noodle-bar/v2/online-order#!/
Nectar Urban Cantina,http://www.nectarcantina.com,,,https://www.toasttab.com/nectar-urban-cantina/giftcards,,
Badaro,https://www.eatbadaro.com,,,,,
Rookies 2,http://www.rookiesaz.com,,,,,https://www.toasttab.com/locations/8ad02959-2a27-4c9c-b771-096f5d703bf9#!/
Avanti Food & Beverage #3 - Chow Morso,https://www.chowmorso.com/,,,,,
Murphy's Law,http://www.murphyslawri.com/,,,,,
American Sardine Bar,http://americansardinebar.com/,,,https://www.toasttab.com/american-sardine-bar/giftcards,,
MAAK,https://sushiguyco.com/tyler-broadway-ave,,,,,
Duffy's Tavern & Grill,http://www.duffysmaine.com,,,,,
The Late Bloomer,http://latebloomerchicago.com/,,,,,
Hamburger Stan,http://hamburgerstan.com,,,,,
Woodside Delicatessen,http://www.woodsidedeli.net,,,,,
Paisano's Mexican Grill & Market,http://www.paisanosgrill.com,,,,,https://www.toasttab.com/paisanosgrill/v2/online-order#!/order
LiqrBox,http://www.liqrboxchicago.com,,,,,
GreyStone Coffee Company,http://www.greystonecoffeeco.com,,,,,https://www.toasttab.com/greystone-coffee-company/v2/online-order#!/order
Brick City Southern Kitchen,http://www.brickcitybbq.com/,,,,,"{""onclick"":{""action"":""redirect-to-url"",""popup_id"":0,""url"":""https:\/\/www.toasttab.com\/locations\/bceddeb2-74dd-4992-bb60-ebcd831861f8#!\/"",""target"":""_blank"",""cookie_name"":""""}}"
Repeat Returns Test Restaurant,https://repeatreturns.com,,,,,
Kuma's Corner,http://www.kumascorner.com,,,https://www.toasttab.com/kumas-corner-the-original/giftcards,,
McVey's Restaurant & Bar,http://www.mcveysrestaurant.com,,,,,
St. Stephen's Green,http://www.ststephensgreen.pub/,,,,,
The Flatts,http://theflatts.com,,,,,https://www.toasttab.com/theflatts/v2/online-order#!/
Hessen Haus,http://www.hessenhaus.com,,,,,https://www.toasttab.com/hessen-haus/v2/online-order#!/
Condado Tacos,http://www.condadotacos.com/,,,https://www.toasttab.com/condado-tacos-downtown-cbus/giftcards,,
Stone & Rail,http://stoneandrail.com,,,https://www.toasttab.com/stone-rail/giftcards,,
Juniors' Deli,http://www.juniors-deli.com,,,,,https://www.toasttab.com/juniors-deli-dacula/v2/online-order#!/
T.K.'s American Cafe,http://www.tksamericancafe.com,,,,,https://www.toasttab.com/tk-s-american-cafe/v2/online-order#!/
D'Andrews Bakery & Cafe,http://www.dandrewsbakery.com,,,https://www.toasttab.com/d-andrews-bakery-cafe/giftcards,,
Munch Box,http://www.munchboxlv.com,,,,,https://www.toasttab.com/munch-box-2/v2/online-order#!/
Fireside Restaurant,http://www.firesidechicago.com,,,,,
Enzo's Pizza and Grill,http://enzospizzaandgrill.com/,,,,,
Bistro on Main,http://www.bistro-on-main.com,,,https://www.toasttab.com/bistro-on-main-manchester/giftcards,,
Fuku,http://www.eatfuku.com,,,,,
Ruby Sunshine,http://www.rubysunshine.com,,,,,
Blue Bottle Coffee,https://bluebottlecoffee.com/,,,,,
Mighty Fine Burgers Fries and Shakes,https://mightyfineburgers.com/,,,,,
Purple Monkey,https://www.purplemonkeypizza.com/,,,https://www.toasttab.com/the-purple-monkey/giftcards,,
Utility Brewing Company,https://www.utilitybrewing.com,,,,,https://www.toasttab.com/utility-brewing-company/v2/online-order#!/order
Kyoto Japanese Steakhouse,http://www.kyotoroyaloak.com,,,,,
Wiz Kidz,http://www.wizkidzlv.com,,,,,https://www.toasttab.com/wizkidz/v2/online-order#!/
"""Wolfs 1-11 Restaurant",http://www.wolfs111.com,,,,,
Mudflats Bar & Grill,http://www.themudflats.com/,,,,,
Pastaria,http://www.pastariastl.com,,,,,
The Tortilla Press,http://www.thetortillapress.com,,,,,
Mercantile at GrayBarns,http://www.graybarns.com/mercantile,,,,,
The Snug,http://www.thesnugsf.com,,,https://www.toasttab.com/the-snug-san-francisco/giftcards,,
Folk,http://www.goodasfolk.com,,,,,
McKenzie Brew House,http://www.mckenziebrewhouse.com/,,,,,https://www.toasttab.com/mckenzie-brew-house-devon/v2/online-order#!/
FIG & OLIVE,http://www.figandolive.com/restaurants-and-menus/houston,,,,,
Harpoon Larry's Fish House & Oyster Bar,http://www.harpoonlarrys.com,,,https://www.toasttab.com/harpoon-larrys-fish-house-oyster-bar/giftcards,https://www.toasttab.com/harpoon-larrys-fish-house-oyster-bar/findcard,
Stacked Pickle,https://locations.stackedpickle.com/ll/US/IN/Indianapolis/4705-E-96th-St,,,,,https://www.toasttab.com/stacked-pickle/v2/online-order#!/
Brushfire Tacos Y Tapas,http://brushfiretacos.com,,,,,https://www.toasttab.com/locations/fe27d758-4288-48b5-a984-826fc2d1373a#!/
Prime Pizza,http://www.primepizzacompany.com,,,,,
Bazati,https://www.bazatiatl.com,,,,,
Sabor de Vida Brazilian Grill,http://www.sabordevida.com,,,,,
Local Roots,http://www.localrootsmn.com,,,,,
Blackberry Market,https://blackberry.cafe,,,https://www.toasttab.com/blackberry/giftcards,,https://www.toasttab.com/locations/4df3257d-fec8-45c1-b8ef-077c6ef8f0eb#!/
Zapata's Mexican Kitchen,http://www.zapatasgrill.com,,,,,https://www.toasttab.com/zapatas-mexican-kitchen/v2/online-order#!/
Jaffa,http://www.jaffa.la,,,,,
Gateau Bakery Cafe & Tea Room,https://www.1gateau.com/,,,,,
La Fogata Grill,http://lafogatagrill.com/,,,,,
Piencone Pizza,http://www.pienconepizza.com,,,,,"{""imageData"":{""type"":""Image"",""id"":""dataItem-jm8apopr"",""metaData"":{""pageId"":""c1dmp"",""isPreset"":false,""schemaVersion"":""1.0"",""isHidden"":false},""title"":""order.png"",""uri"":""bbbe0a_8464a93d0b354500b00e6af017f204d5~mv2.png"",""description"":"""",""width"":396,""height"":396,""alt"":""Online Ordering"",""link"":{""type"":""ExternalLink"",""id"":""dataItem-jm8axvow"",""metaData"":{""pageId"":""c1dmp"",""isPreset"":false,""schemaVersion"":""1.0"",""isHidden"":false},""url"":""https://www.toasttab.com/piencone/v2/online-order#!/"",""target"":""_blank""},""displayMode"":""fill""},""containerId"":""comp-jm8apooa"",""displayMode"":""fill""}"
Swig,http://www.SwigRestaurant.com,,,https://www.toasttab.com/swig/giftcards,,
Plaza Bistro ‘n Tavern,http://www.pbnt.com,,,,,
The Circuit,https://www.thecircuitarcadebar.com/,,,,,
Bresca,http://www.brescadc.com,,,https://www.toasttab.com/bresca-dc/giftcards,,
The Couch Tomato Cafe,http://www.thecouchtomato.com,,,,,
Stoney's Uptown Joint,http://stoneysuptown.com/,,,,,
Prime Taco,https://www.primetacoct.com,,,,,https://www.toasttab.com/prime-taco/v2/online-order#!/
3 Winds Eatery,https://3windseatery.com,,,,,
Cisco's Restaurant Bakery & Bar,https://www.ciscosaustin.com/,,,,,
BomboBar,http://www.bombobar.com/,,,,,
Banzo,http://www.banzomadison.com,,,,,https://www.toasttab.com/banzo-sherman-ave/v2/online-order#!/
Clay's Smokehouse,http://www.clayssmokehouse.com,,,,,
Fire Wings & Delilah's by Make Fish,https://www.firewings.com/sacramento-ca-95825,,,,https://www.toasttab.com/fire-wings/findcard,https://www.toasttab.com/fire-wings-howe-ave/v2/online-order#!/
Sneaki Tiki,http://www.sneakitikistuart.com,,,,,
Pastaria,http://www.pastarianashville.com,,,,,
Rhein Haus,http://www.rheinhausdenver.com,,,,,
Crema Cafe,http://www.cremacambridge.com,,,,,
POKÉ BAR,http://pokebardc.com,,,,,https://www.toasttab.com/poke-bar-arlington/v2/online-order#!/
Mocha Bleu,http://www.mochableu.com,,,,,
Belotti Ristorante e Bottega,http://belottirb.com,,,https://www.toasttab.com/belottirb/giftcards,,https://www.toasttab.com/belotti-bottega/v2/online-order#!/
Larkin Filling Station,https://larkinsquare.com/things-to-do/filling-station/,,,,,
Denny Bar Company,http://www.dennybarcompany.com,,,,,
115 Bourbon Street,http://www.115bourbonstreet.com,,,,,https://www.toasttab.com/115-bourbon-street/v2/online-order#!/
Wicked Pie Pizza,https://wickedpiepizza.com,,,,,https://www.toasttab.com/wicked-pie-pizza/v2/online-order#!/
Waterloo Ice House,http://www.waterlooicehouse.com,,,https://www.toasttab.com/waterloo-ice-house-burnet/giftcards,,https://www.toasttab.com/locations/d1b0dc34-d241-46e2-b2df-7f7cc371eb8f#!/
The Brew Kettle,http://brewkettleamherst.com,,,,,
Burgher Burger 15642,https://burgherburger.com/,,,,,
Hidden Manna Cafe Express,http://www.hiddenmannacafe.com,,,,,
Lucha Libre Mission Hills,https://www.luchalibretacoshop.com,,,,,https://www.toasttab.com/lucha-libre-gourmet-taco-shop-university-ave/v2/online-order#!/
Second Reef Deli,http://www.secondreefdeli.com,,,,,https://www.toasttab.com/second-reef-deli/v2/online-order#!/
The Heritage Restaurant,http://www.morgantownheritage.com,,,,,
Pizza Chalet and Johnnies Broasted Chicken,http://thepizzachalet.com/,,,,,
Fong's Pizza,https://fongspizza.com/,,,,,https://www.toasttab.com/fongs-pizza-cedar-rapids/v2/online-order#!/
Ohana Kitchen,http://www.ohana.kitchen,,,,,
DOSA,http://dosasf.com/,,,,,https://www.toasttab.com/dosaonfillmore/v2/online-order#!/
Mr.Chens,http://www.mrchens.com,,,,,
Fong's Pizza,http://www.fongspizza.com,,,,,https://www.toasttab.com/fongs-pizza-cedar-rapids/v2/online-order#!/
The Globe Pub,http://www.theglobepub.com,,,,,
County Grill,http://www.countygrill.com,,,https://www.toasttab.com/county-grill-yorktown/giftcards,https://www.toasttab.com/county-grill-yorktown/findcard,
Wilbo,http://wilboburgers.com/,,,,,
Pizzeria DeVille,http://pizzeriadeville.com/,,,,,https://www.toasttab.com/Pizzeria-Deville/v2/online-order#!/
Caitlin Fox's Test Restaurant,http://gabrielajones.photography,,,,,
Lu's Sandwiches,http://www.lusandwiches.com,,,,,
Truffles Farmington,http://www.trufflesbakery.com/farmington-ct-restaurant-cafe-deli-bakery.html,,,,,
Cafe Pizzaiolo,http://www.cafepizzaiolo.com,,,,,
Mason Eatery,http://www.masoneatery.com,,,,,
The Sylvester,http://www.thesylvesterbar.com,,,https://www.toasttab.com/thesylvesterbar/giftcards,,
Nota Bene Restaurant and Bar,https://www.notabenerva.com,,,,,
Union Common,http://www.unioncommon.com,,,,,
"""Nine Irish Brothers",http://www.nineirishbrothers.com,,,,,https://www.toasttab.com/locations/4b8316fb-6644-47e7-aee8-c3a0af20b241#!/
Souvlaki Fast Royal Palm,http://souvlakifast.com/locations/royal-palm-beach/,,,,,
Call,https://www.beckon-call.com/,,,,,
Naukabout Beer Co.,http://www.naukabout.com,,,,,
Greyhound Tavern,http://greyhoundtavernbridgewater.com/,,,,,
Pura Vida,http://www.puravidamiami.com,,,,,
Rosalies Grill,http://www.rosaliesgrill.com,,,,,https://www.toasttab.com/rosalies-grill-david/v2/online-order#!/
Big Trouble & Kiss + Ride,http://www.zeppelinstation.com,,,,,
Sawmill Grill,http://thesawmillgrill.com/,,,,,
MAAK,https://sushiguyco.com,,,,,
Brenda's Oakland,http://www.toasttab.com/brenda-s,,,,,
TC4 & Co.,http://www.tc4.co/,,,,,
Hot Krust Panini Kitchen,http://www.hotkrust.com/,,,,,
China West Express,http://www.chinawestexpress.com,,,,,
A3 Pizza,http://www.A3Pizza.com,,,https://www.toasttab.com/a3-pizza/giftcards,,https://www.toasttab.com/a3-pizza/v2/online-order#!/order
Belotti Bottega,http://belottirb.com/bottega,,,https://www.toasttab.com/belottirb/giftcards,,https://www.toasttab.com/belotti-bottega/v2/online-order#!/
Sweet Leaf - Glebe,http://www.sweetleafcafe.com,,,,,https://www.toasttab.com/locations/42632668-0b4b-4a80-9339-1c55e8bca4c3#!/
Three Lions Pub,http://threelionspub.com/,,,,,
Pequod's Pizza,http://www.pequodspizza.com,,,https://www.toasttab.com/pequods-pizza-chicago/giftcards,,
Cinderlands Warehouse,https://www.cinderlands.com/locations/cinderlands-warehouse,,,https://www.toasttab.com/cinderlands-beer-co/giftcards,,https://www.toasttab.com/cinderlands-warehouse/v2/online-order#!/
Shakespeare Pub,http://www.shakespearepub.com,,,,,
Lawrence Beer Company,https://www.lawrencebeercowest.com/,,,,,
Quicksand Culver City,http://www.quicksand.la,,,,,
Harry's Pizzeria and Tavern,http://www.harryspizzawesthartford.com/,,,,,https://www.toasttab.com/Harrys-Pizza-West-Hartford/v2/online-order#!/
Newbury Salads PK Eats Hertel,http://www.newburysalads.com,,,,,
Fort 88 Smokehouse,http://www.fort88smokehouse.com,,,,,https://www.toasttab.com/the-rustic/v2/online-order
Ballydoyle Irish Pub & Restaurant,https://www.ballydoylepub.com/,,,,,
Back Yard Burgers,https://www.backyardburgers.com/locations/baton-rouge-la,,,,,
320 Main,http://www.320mainsealbeach.com,,,,,
TLC,http://www.tlcaustin.com,,,,,
Ghost Pepper,http://www.ghostpepperboston.com,,,,,https://www.toasttab.com/ghost-pepper/v2/online-order#!/
Fry the Coop,http://www.frythecoop.com,,,,,https://www.toasttab.com/fry-the-coop-elmhurst/v2/online-order#!/
D'Ellies,https://www.dellies.net,,,,,
Blue Moon Waterfront Grille,http://www.bluemoongrille.com,,,,,
Johnny's Pizza,http://www.johnnyspizzacary.com,,,,,
Platform T,https://www.platformt.com,,,,,
MOXIE,http://www.livemoxie.co,,,,,
Uncle,http://www.uncleramen.com,,,,,
G&G Restaurant,http://www.ggrestaurant.com,,,,,
Espanola Cigar Bar & Lounge,http://www.espanolacigarbar.com,,,,,
Lampo Neapolitan Pizzeria,http://www.lampopizza.com,,,,,
OW Smoke test #07,http://www.scottsseafoodsj.com,,,,,
Este Pizzeria,http://www.estepizzaco.com,,,,,
Brushfire Tacos Y Tapas,http://www.brushfiretacos.com,,,,,https://www.toasttab.com/locations/fe27d758-4288-48b5-a984-826fc2d1373a#!/
Nomads Kitchen,http://www.nomads.kitchen,,,,,
Heroes West Sports Grill,http://www.heroeswest.net,,,,,
Finley's Tap House,http://finleystaphouse.com,,,,,
Ruby Slipper Cafe,https://www.therubyslippercafe.net/,,,,,
Club Groove,http://www.ubgroovenyc.com,,,,,
Tein Li Chow,http://www.teinlichow.com/about.html,,,,,
Foolish Craig's Cafe,http://www.foolishcraigs.com,,,https://www.toasttab.com/foolish-craigs-cafe/giftcards,,https://www.toasttab.com/foolish-craigs-cafe/v2/online-order#!/
Pearl Street Warehouse,https://www.pearlstreetwarehouse.com/,,,,,
D'Allesandro's Pizza,http://www.dalspizza.com/,,,,,https://www.toasttab.com/d-allesandros-pizza/v2/online-order#!/
Baked NYC,http://www.bakednyc.com,,,,,
Preference Spot,http://www.preferencespot.com,,,,,
The Tavern at Hotel Millersburg,http://www.hotelmillersburg.com,,,,,
The Chanticleer,http://www.chanticleerrestaurant.com,,,,,
POKÉ BAR,http://www.pokebardc.com,,,,,https://www.toasttab.com/poke-bar-arlington/v2/online-order#!/
The Hidden Pig,https://www.thehiddenpighaverhill.com/,,,,,
Sea Casa,http://theseacasa.com,,,,,https://www.toasttab.com/seacasa/v2/online-order#!/
Mercato Stellina,https://mercatostellina.com/,,,,,
Giardino Neighborhood Cucina,http://www.giardinosd.com,,,,,
Big Bats Cafe,http://www.bigbats.com/,,,,,
The Cask Taphouse and Grill,http://www.casktaphouse.com,,,https://www.toasttab.com/the-cask-taphouse-and-grill/giftcards,,https://www.toasttab.com/the-cask-taphouse-and-grill/v2/online-order#!/
Jack's Bar Steakhouse,http://jacksnewhaven.com/,,,,,
Pasta & Co.,http://www.pastaco.com/,,,,,
The Nook B&B,http://www.thenookbandb.com,,,,,
Beecher's Handmade Cheese,http://www.beechershandmadecheese.com,,,,,
Tokio,http://www.mytokio.com/,,,,,
Boudreaux's Cajun Kitchen,http://go-cajun.com/,https://www.toasttab.com/boudreauxs-cajun-kitchen-fuqua/rewards,https://www.toasttab.com/boudreauxs-cajun-kitchen-fuqua/rewardsSignup,https://www.toasttab.com/boudreauxs-cajun-kitchen-fuqua/giftcards,https://www.toasttab.com/boudreauxs-cajun-kitchen-fuqua/findcard,
River City Roll,http://www.rivercityroll.com,,,https://www.toasttab.com/rivercityroll/giftcards,,
Brokerage Brewing Company,http://www.brokeragebrewing.com/,,,,,
Oak on Main,http://www.oakpullman.com,,,,,
Gelato Boy,http://gelatoboy.com,,,,,
MOUTHFUL EATERY,http://www.mouthfuleatery.com,,,,,https://www.toasttab.com/mouthful-eatery/v2/online-order#!/
Johnny Mango World Cafe & Bar,http://www.jmango.com,,,,,
The Hill Cafe,https://thehillcafe.com,,,https://www.toasttab.com/the-hill-cafe/giftcards,,
Two Tides Brewing Company,http://www.TwoTidesBrewing.com,,,,,
Majordomo,http://www.majordomo.la,,,,,
The Purple Pub,http://www.purple-pub.com,,,,,
Windy City Pizza and Pub,http://www.windycitypizzabreck.com/home.html,,,,,
make pizza+salad,http://www.makeSanDiego.com,,,,,
Olive and Oak,https://www.oliveandoakstl.com/menu,,,,,https://www.toasttab.com/olive-and-oak-webster-groves/v2/online-order#!/
McArthur's Systems,http://www.mcarthurs.com/,,,,,
Alfalfa Restaurant,http://www.AlfalfaRestaurant.com,,,,,https://www.toasttab.com/alfalfa-restaurant-lexington/v2/online-order#!/
Fire Wings Fair Oaks,https://www.firewings.com/fair-oaks-ca-95628,,,,https://www.toasttab.com/fire-wings/findcard,https://www.toasttab.com/fire-wings-sunrise/v2/online-order#!/
Souvlaki Fast,http://souvlakifast.com/,,,,,
The Dark Horse Tavern,https://www.darkhorsefdale.com/,,,,,
Castrillos Pizza of Inglewood,http://www.castrillos.com,,,,,https://www.toasttab.com/locations/c1aeb1ec-f309-46a4-bfa2-9efefd38baba#!/
Orlando Meats,https://orlandomeats.com,,,https://www.toasttab.com/orlando-meats/giftcards,,https://www.toasttab.com/orlando-meats/v2/online-order
Easy Pie,http://www.theeasypie.com,,,,,
The Queensboro Bistro,http://www.queensborobistro.com,,,,,
Fresh Fit Foods,https://www.freshfitfoods.online/,,,,,
Copa Kitchen & Bar,https://www.copakitchenbar.com/,,,,,https://www.toasttab.com/copa-kitchen-bar/v2/online-order#!/
The Laundry,https://lunchandbeyond.com/,,,,,https://www.toasttab.com/the-french-laundry/v2/online-order#!/
Local Pint,http://www.localpint.beer,,,,,
Esther's Authentic Mexican Food,https://my.yola.com/,,,,,
"""Ale Station Food",http://www.alestation.com,,,,,https://www.toasttab.com/ale-station-food-and-brew/v2/online-order#!/
The Leaning Pear,http://www.leaningpear.com,,,https://www.toasttab.com/the-leaning-pear/giftcards,,
Southern Style Kitchen & Cocktails,http://southernstylenaples.com,,,,,
Toast Demo,https://pos.toasttab.com,,,,,
Uptown 596,http://www.uptown596montclair.com,,,,,
Comal / Comal Next Door,http://www.comalnextdoor.com,,,https://www.toasttab.com/comal/giftcards,,
Aro Latin,http://www.arolatin.com,,,,,
Yuzu,http://www.yuzulakewood.com,,,,,
fundamental LA (West LA),http://www.fundamental-la.com,,,,,
Pacific Pourhouse,http://www.pacificpourhouse.com,,,,,
Fire Wings Berkeley,https://www.firewings.com/berkeley-ca-94704,,,,https://www.toasttab.com/fire-wings/findcard,https://www.toasttab.com/fire-wings-berkeley/v2/online-order#!/
Salty Fig Kitchen & Pantry,http://www.saltyfig.com,,,,,
Liv's Shack,http://www.livsshack.com/,,,,,
Bagelsaurus,http://www.bagelsaurus.com,,,https://www.toasttab.com/bagelsaurus/giftcards,,
Fire Wings Delta Shores,https://www.firewings.com/sacramento-ca-95832,,,,https://www.toasttab.com/fire-wings/findcard,https://www.toasttab.com/fire-wings-delta-shores/v2/online-order#!/
Louks Greek Baby Donuts,http://www.babylouks.com,,,,,https://www.toasttab.com/louks-greek-baby-donuts/v2/online-order#!/
East Side Pies,https://www.eastsidepies.com,,,https://www.toasttab.com/east-side-pies-rosewood/giftcards,,https://www.toasttab.com/east-side-pies-n183/v2/online-order#!/
Gather Kitchen - Preston Center,http://www.gatherkitchen.com,,,,,https://www.toasttab.com/locations/3605ea54-2cc1-4028-854f-b045b968a53e#!/
Hana Cafe,http://hanacafelajolla.com,,,,,
Julep: Southern Table & Whiskey House,http://www.juleprino.com/,,,https://www.toasttab.com/julepdenver/giftcards,,
Legends Sports Bar & Grill,http://legendssportsbargrill.com,https://www.toasttab.com/legends-sports-bar-grill/rewards,,,,https://www.toasttab.com/legends-sports-bar-grill/v2/online-order#!/order
2nd & High,http://www.2andhighbar.com,,,,,
Straw Hat Pizza,https://www.strawhatpizza.com,,,,,
MiSo,http://www.misofitfastfresh.com,,,,,https://www.toasttab.com/locations/1bb19533-fb58-4715-9af6-1e97f5fb2a77#!/
Bates Bar and Grill,https://www.batesbarandgrill.com,,,,,
The Juicy Crab,https://www.thejuicycrab.com/,,,,,
The Rotary,http://www.therotaryeats.com,,,https://www.toasttab.com/the-rotary/giftcards,,
McKenna's Cafe,https://www.mckennascafe.com,,,,,
Heirloom Pizza Co,http://heirloompizzapie.com/,,,,,
Hancock Fried Chicken,http://www.hancockgr.com,,,https://www.toasttab.com/hancock/giftcards,,
GARDEN BAR,http://www.gardenbarpdx.com,,,,,
Fire Wings Rancho Cucamonga,https://www.firewings.com/san-bernardino-ca-92407,,,,https://www.toasttab.com/fire-wings/findcard,https://www.toasttab.com/fire-wings-san-bernardino/v2/online-order#!/
Meta Asian Kitchen,https://www.metaasiankitchen.com/,,,,,
Bar Helix,https://www.insidethehelix.com,,,,,
Bella Pasta,http://www.bellapastaristorante.com/,,,,,
Buddyz A Chicago Pizzeria,http://www.buddyzpizza.com,,,,,
Little Havana Bar & Grill,http://www.littlehavanabarandgrill.com,,,,,https://www.toasttab.com/little-havana-restaurant/v2/online-order#!/
John T's BBQ,http://www.johntbbq.com/,,,,,
1764 Public House,https://1764pub.com/,,,,,
The Dor-Stop Restaurant,https://www.thedorstoprestaurant.com,,,https://www.toasttab.com/the-dor-stop-restaurant/giftcards,,https://www.toasttab.com/the-dor-stop-restaurant/v2/online-order#!/
altThai,http://www.altThai.com,,,,,
Jamba,https://www.jambajuice.com/,,,,,
Drifters Grill,http://www.driftersmarina.com,,,,,
Kye's,http://www.kyesmontana.com,,,https://www.toasttab.com/kyes-montana-ave/giftcards,,
Il Corso,http://www.ilcorsocv.com,,,,,
Avanti Food & Beverage,http://avantifandb.com,,,,,
Olympic Cafe,http://www.olympiccafesd.com/,,,,,
Beecher's Handmade Cheese,http://beechershandmadecheese.com/,,,,,
Grayton Road Tavern,http://www.graytonroadtavern.com,https://www.toasttab.com/grayton-road-tavern/rewards,,,,https://www.toasttab.com/grayton-road-tavern/v2/online-order#!/order/feature
RASA,http://www.rasagrill.com,,,https://www.toasttab.com/rasa/giftcards,,https://www.toasttab.com/rasa/v2/online-order#!/
University of Beer,https://theuob.com/,,,https://www.toasttab.com/university-of-beer-davis/giftcards,,
Palm Palace Restaurant,http://www.palmpalace.com,,,,,https://www.toasttab.com/palmpalace/v2/online-order#!/
House of Wings,http://www.houseofwingmiami.com,,,,,
Intrinzik,https://intrinzikvenue.com/,,,,,
Vitaly Caffe,http://www.vitaly.net/home,,,,,
Exodus Bagels,http://www.exodusbagels.com,,,https://www.toasttab.com/exodus-bagels-roslindale/giftcards,,https://www.toasttab.com/exodus-bagels/v2/online-order#!/
CRAFT Donuts + Coffee,https://www.craftdonutscoffee.com/,,,https://www.toasttab.com/craft-donuts-coffee/giftcards,,https://www.toasttab.com/locations/41a3191d-f8c8-47a8-a02a-b8418526159b#!/
Doc Crow's Louisville,http://www.doccrows.com,,,,,
Impellizzeri's Pizza,http://www.impellizzeris.com,,,,,
Latin Cafe 2000,http://www.latincafe.com,,,https://www.toasttab.com/latin-cafe-2000-brickell-2/giftcards,,https://www.toasttab.com/latin-cafe-2000-brickell-2/v2/online-order#!/
Red Star,http://www.redstarbar.us,,,,,
Sliders Grill & Bar,https://slidersgrillbar.com/,,,,,
Firecakes,http://www.firecakesdonuts.com,,,https://www.toasttab.com/firecakes-lincoln-park/giftcards,https://www.toasttab.com/firecakes-lincoln-park/findcard,https://www.toasttab.com/firecakes-wells-street-market/v2/online-order#!/
All Meats Brazilian Steakhouse,http://www.allmeats.com,,,,,
Charcoal Venice,https://www.charcoalvenice.com,,,,,
Fire Wings Florin Rd. Sacramento,https://www.firewings.com/florin-rd-sacramento-ca-95823,,,,https://www.toasttab.com/fire-wings/findcard,https://www.toasttab.com/fire-wings-south-sacramento-florin/v2/online-order#!/
The Bread Box,http://www.breadboxak.com,,,,,
Angelina Brewing Company,http://www.angelinabrewingco.com,,,https://www.toasttab.com/angelina-brewing-company/giftcards,,
Fire Wings Davis,https://www.firewings.com/davis-ca-95616,,,,https://www.toasttab.com/fire-wings/findcard,https://www.toasttab.com/fire-wings-davis/v2/online-order#!/
Old School Pizza,http://www.ospcanton.com,,,,,
Shiloh's,http://www.shilohs-la.com,,,https://www.toasttab.com/shilos-steakhouse/giftcards,,https://www.toasttab.com/shilos-steakhouse/v2/online-order#!/
Iron Pig Alehouse,http://www.ironpigalehouse.com,,,,,
Bigham Tavern,http://www.bighamtavern.com,,,https://www.toasttab.com/bigham-tavern/giftcards,,https://www.toasttab.com/bigham-tavern/v2/online-order#!/
American Grind,https://www.americangrindco.com,,,,,
Blackberry Market,http://www.blackberry.cafe,,,https://www.toasttab.com/blackberry/giftcards,,https://www.toasttab.com/locations/4df3257d-fec8-45c1-b8ef-077c6ef8f0eb#!/
Kayndaves,http://www.kayndaves.com,,,,,
Paz Cantina Taqueria y Cantina,http://www.pazcantina.com,,,,,
Souvlaki Fast,http://souvlakifast.com,,,,,
The Stilt House,http://www.stilthousegastrobar.com,,,,,
Lilly Chocolates & Confections,http://www.lhchocolate.com,,,,,
Kuma's Corner,https://kumascorner.com/location/kumas-west-loop/,,,https://www.toasttab.com/kumas-corner-the-original/giftcards,,
Merland's Deli & Draft,http://www.merlandsdeli.com/,,,,,
DIGS on CANAL,http://www.DigsOnCanal.com,,,,,
Whisknladle Hospitality,http://www.parkcommonssd.com,,,,,"https://www.toasttab.com/park-commons-sorrento-valley/v2/online-order#!/ "
Lawrenceville Bobe's Pizza,http://www.bobespizza.net,,,,,https://www.toasttab.com/bobes-pizza-mt-carmel/v2/online-order#!/
Vinaigrette Salad Kitchen,https://vinaigrettesaladkitchen.com/,,,,,
BoxCar Betty's,http://www.boxcarbetty.com,,,,,
The Side Spot Superette,http://www.thesidespot.com,,,,,
CRAFT Donuts + Coffee,http://www.craftdonutscoffee.com,,,https://www.toasttab.com/craft-donuts-coffee/giftcards,,https://www.toasttab.com/locations/41a3191d-f8c8-47a8-a02a-b8418526159b#!/
Wicked Greenz,https://www.wickedgreenz.com/,,,,,https://www.toasttab.com/locations/08b634ed-abc6-4412-b725-1c4c0d2c428a#!/
Caturra on Grove,http://www.caturraongrove.com,,,,,
Jimbo slims,http://www.jimboslims.com,,,,,
Recreation,http://recreationcanyon.com,,,,,https://www.toasttab.com/recreation-amarillo/v2/online-order
Mola Mola Poke Restaurant,http://www.molamolapoke.com,,,,,
Nerdvana Frisco,http://nerdvanafrisco.com/spirits/,,,,,
Fletcher's Pub,http://www.fletcherspub.com/,,,,,https://www.toasttab.com/fletchers_pub_texas_corners/v2/online-order#!/
Percolate,https://www.percolatetea.com/,,,,,
Rick's Cafe Boatyard,https://www.ricksboatyard.com/,,,,,
Si Señor Modern Mexican,http://www.sisenormodernmex.com,,,,,https://www.toasttab.com/si-senor-modern-mexican/v2/online-order#!/order
Curry House,http://www.curryhousebrookline.com,,,,,
Jimmy K's Handcrafted Street Food,http://www.jimmyks.com,,,,,https://www.toasttab.com/jimmy-k-s/v2/online-order
Rhein Haus,http://rheinhaustacoma.com,,,,,
Garden 33,http://www.diGrden33nj.com,,,,,
Avli the Little Greek Kitchen,https://www.toasttab.com/avlithelittlegreekkitchen/v2/online-order#!/,,,,,
BOIL Seafood House,https://boilseafoodhouse.com/,,,,,https://www.toasttab.com/boil-seafood-house/v2/online-order#!/
Kelly's Landing,https://www.kellysatmoosehead.com,,,,,
The Royal Hilltop,http://www.royalhilltop.com,,,,,
FIG & OLIVE,http://www.figandolive.com,,,,,
Miyabi Jr Express,http://www.miyabijrex.com,,,,,
French Gourmet Bistro,http://frenchgourmetbistro.com/,,,,,
Max's Opera Cafe,https://www.maxsoperasf.com,,,,,
Craig Mazz's Pizza & Italian Cuisine,http://www.Craigmazzspizza.com,,,,,
Gambino's Pizza,https://www.gambinospizza.com/stores/ks/andover.html,,,,,
Brasserie by Niche,http://brasseriebyniche.com,,,https://www.toasttab.com/brasseriebyniche/giftcards,,
Crane Ramen,https://www.craneramen904.com/,,,,,
The Barn Bowl & Bistro,http://www.thebarnmv.com,,,https://www.toasttab.com/thebarn/giftcards,,
Silvio's Restaurant & Pizzeria,http://www.silviosrestaurant.com,,,,,https://www.toasttab.com/silviosrestaurant-pizzeria/v2/online-order#!/
PREROGATIvE Kitchen,http://www.prerogativekitchen.com,,,https://www.toasttab.com/prerogative-kitchen/giftcards,,https://www.toasttab.com/prerogative-kitchen/v2/online-order#!/order
Sri Lakshmi Temple Cafeteria,http://www.srilakshmi.org,,,,,
Hook & Vine Kitchen and Bar,http://www.hookandvine.com,,,,,
Izzy's Taqueria,http://www.izzystaqueria.com,,,,,
Boudreaux's Cajun Kitchen,http://go-cajun.com,https://www.toasttab.com/boudreauxs-cajun-kitchen-fuqua/rewards,https://www.toasttab.com/boudreauxs-cajun-kitchen-fuqua/rewardsSignup,https://www.toasttab.com/boudreauxs-cajun-kitchen-fuqua/giftcards,https://www.toasttab.com/boudreauxs-cajun-kitchen-fuqua/findcard,
Yo Momma's Frozen Yogurt,https://www.yomommasfrozenyogurt.com,,,,,
Boardwalk Pizzeria,http://www.boardwalkpizzeria.com,,,,,
Whisknladle Hospitality,http://www.gravityheights.com,,,https://www.toasttab.com/whisknladle-la-jolla/giftcards,,
Liv's Oyster Bar,http://www.livsoysterbar.com,,https://www.toasttab.com/livs-oyster-bar/rewardsSignup,https://www.toasttab.com/livs-oyster-bar/giftcards,,
The Pancake House,http://www.pancakehousecolumbus.com,,,,,
Galaxy Taco,http://www.galaxytaco.com/,,,,,
Kuma's Corner,http://www.KumasCorner.com,,,https://www.toasttab.com/kumas-corner-the-original/giftcards,,
Lolo Hawaiian BBQ,http://www.lolobbq.com,,,,,
Brothers Pizza,http://brotherspizzapasta.com/,,,,,https://www.toasttab.com/brothers-pizza-mc-kinney/v2/online-order#!/order
Barrio Taqueria + Tequila,http://www.BarrioRVA.com,,,,,
Tedesco's,https://www.tedescosfresh.com/,,,,,
Porter Haus,http://www.porterhausgaylord.com,,,,,
FIG & OLIVE,http://www.figandolive.com/restaurants-and-menus/ny-westchester,,,,,
The Taste of Brazil,https://www.ttobrestaurant.com,,,,,
Liberty Barbecue,https://www.libertyfallschurch.com/,,,,,https://www.toasttab.com/liberty-barbecue/v2/online-order#!/
A Test Jamba,https://www.jamba.com/,,,,,
Peculiar Wine & Beer Shop,http://www.peculiarshopbethlehem.con,,,,,
Hank's,http://www.hanksaustin.com,,,,,https://www.toasttab.com/hanks-austin/v2/online-order#!/
Sardella,http://www.sardellastl.com,,,https://www.toasttab.com/sardella/giftcards,,
Union Street Tavern,http://www.UnionStreetTavern.com,,,,,https://www.toasttab.com/USTavern/v2/online-order
Arcuri Eat + Drink,http://www.arcuridc.com/,,,,,
FIG & OLIVE,https://www.figandolive.com/location/fig-and-olive-nyc-fifth-avenue/,,,,,
Habit Doughnut Dispensary & Carbon Cafe & Bar,http://www.habitdoughnuts.com,,,,,
The Cure Kitchen & Bar,http://thecurehb.com/,,,,,
Southside Pizza,http://www.southsidepizzapie.com,,,,,https://www.toasttab.com/southsidepizzapie/v2/online-order#!/
Wing It On!,https://www.wingiton.com,,,,,
Citrus & Salt,http://www.citrusandsaltboston.com,,,,,
The Black Olive,http://www.theblackolive.com,,,https://www.toasttab.com/the-black-olive/giftcards,,
Rookies 1,https://www.rookiesaz.com/,,,,,https://www.toasttab.com/locations/8ad02959-2a27-4c9c-b771-096f5d703bf9#!/
Rockit Char Grill,http://rockitchargrill.com/,,,,,https://www.toasttab.com/rockit-char-grill/v2/online-order#!/
Four Cafe,http://www.fourcafe.net,,,https://www.toasttab.com/four-cafe/giftcards,,
Manning's Steaks and Spirits,https://www.manningsteaks.com,,,https://www.toasttab.com/mannings-steaks-and-spirits/giftcards,,
Tortilla Press Cantina,http://tortillapresscantina.com,,,,,
Rush Creek Distilling,http://www.rushcreekdistilling.com/,,,,,
Next of Kin,http://www.nextofkinevanston.com/,,,,,
Black Sheep,http://www.blaaacksheep.com,,,,,
Stacked Pickle,https://stackedpickle.com/,,,,,
Michael's Genuine Food & Drink,http://www.michaelsgenuine.com,,,,,
Penny Oven/ Holi - Organic Takeout Indian Cusine,http://www.pennyoven.com,,,https://www.toasttab.com/penny-oven/giftcards,,https://www.toasttab.com/penny-oven/v2/online-order#!/
Fadó Irish Pub,https://fadoirishpub.com/annapolis/,,,,,
Reel Cajun Seafood Restaurant & Bar,https://www.reelcajunseafood.com/,,,,,
Vick's Pizzeria,http://www.vicksgourmetpizzeria.com,,,,,
HUMMUS,https://www.hummusbowls.com,,,,,https://www.toasttab.com/locations/47c47b01-68d6-4856-9921-b46193e60140
Mike's Restaurant,http://www.mikesfairhaven.com,,,,,
La Casita Pupuseria & Cocina C.A.,http://www.lacasitapupusas.com,,,,,
Ernie's Texas Lunch,https://www.ernies-texas-lunch.com/,,,,,
Truant's Tavern,http://truantstavern.com/,,,,,
Krabby's Seafood Joint,https://www.krabbys.com/,,,,,https://www.toasttab.com/locations/abb28389-8cd5-48cb-9ccb-6bc9a98e08be#!/
Celadon Thai Kitchen,http://www.celadonthaikitchen.com,,,,,
Lowell Burger Company,http://www.lowellburger.co,,,,,https://www.toasttab.com/lowell-burger-company/v2/online-order#!/
Maya Taqueria,http://www.mayataqueria.com,,,,,
RiNo Yacht Club,http://rinoyachtclub.com,,,,,
Oishi Solutions,https://www.cityramenroyaloak.com,,,,,
Truffles Avon - PERMANENTLY CLOSED,http://www.trufflesbakery.com/avon-ct-restaurant-cafe-deli-bakery.html,,,,,
Tosco's Pub and Grill,http://www.toscospub.com/home/,,,,,https://www.toasttab.com/toscos-pub-and-grill/v2/online-order#!/
Atlas 42,http://www.atlas42.com,,,,,
Matt's Smalltown Pizza,https://www.smalltownpizza.com/,,,,,
Divine12 Cafe,http://www.divine12cafe.com,,,,,
Wister's Barbecue,https://www.wistersbbq.com/,,,,,https://www.toasttab.com/smoke-daddys-home-grown-barbecue/v2/online-order#!/
TenTen,http://www.tentenaustin.com,,,,,
Slanted Door,https://slanteddoor-sanramon.com,,,,,https://www.toasttab.com/slanted-door-san-ramon/v2/online-order#!/target=%22_blank%22
Voodoo Wing Company,https://www.voodoowingco.com/,,,,,
Luther's BBQ,https://www.lutherskc.com/,,,,,
Stuzzi,http://stuzzirichmond.com/,,,,,
VooDoo Wing Co,http://www.voodoowingco.com/,,,,,
Bandit Taco,http://www.Bandittacodc.com,,,,,
Banshee,https://www.banshee-atl.com,,,https://www.toasttab.com/banshee/giftcards,,
Cheeburger Cheeburger,http://www.cheeburger.com/,,,,,
The Holler,http://www.alocalhangout.com,,,,,https://www.toasttab.com/the-holler/v2/online-order#!/
Royals,http://www.jonnybz.com,,,,,
Stir Cooking School,http://www.stirtolearn.com,,,,,
Armistice Brewing Company,http://www.armisticebrewing.com,,,,,
J. BLACK'S Feel Good Kitchen & Lounge,http://www.jblacks.com,,,,,
Uniontown Brewing Co.,https://uniontownbrewing.com,,,,,
Curry Tub,http://www.currytub.com,,,,,https://www.toasttab.com/currytub/v2/online-order#!/
Toast,http://www.toastmilwaukee.com,,,https://www.toasttab.com/toast-mke/giftcards,https://www.toasttab.com/toast-mke/findcard,
Burger Bar & Tap,http://www.burgerbarandtap.com,,,,,
Fire Wings San Mateo,https://www.firewings.com/san-mateo-ca-94401,,,,https://www.toasttab.com/fire-wings/findcard,https://www.toasttab.com/fire-wings-san-mateo/v2/online-order#!/
Homestead Kitchen & Cocktails,http://www.kitchenandcocktails.com,,,,,
"""Bay Meadows",http://roamburgers.com,,,https://www.toasttab.com/roam-artisan-burgers-union/giftcards,,
Lyon Hall,https://www.lyonhallarlington.com/,,,,,
Smoke BBQ,http://www.smokebbqnj.com,,,,,
London Heights British Sports Pub,https://www.londonheightsbritishpub.com/,,,,,
Attman's Potomac Deli,https://attmansdeli.com/cabin-john/,,,,,https://www.toasttab.com/attmans-new-york-deli/v2/online-order#!/
Sylver Spoon,http://www.sylverspoon.com,,,,,https://www.toasttab.com/sylver-spoon/v2/online-order#!/order
Diced,http://www.dicedfood.com,,,,,
Best Burger Bar,http://www.bestburgerbar.com,,,,,
Bitters Bar & Food,http://www.bittersbar.com,,,,,
The Farmstand Market and Cafe,http://www.thefarmstandmarket.com,,,,,
RB Sushi,http://www.rbsushi.com,,,,,
Sam's No.3,https://samsno3.com,,,,,
Three Notch'd Brewing Company,http://threenotchdbrewing.com/,,,,,
Switchyard Brewing Company,http://www.switchyardbrewing.com,,,,,
Osteria Radici,http://www.osteriaradici.com,,,,,
White Labs Kitchen & Tap,http://www.whitelabs.com,,,,,
"""Coach's Bar & Grill Stevensville",http://www.coachsbarngrill.com,,,,,https://www.toasttab.com/coachs-bar-grill/v2/online-order#!/
American Legion Post 416,http://calegionpost416.org/,,,,,
Don Cesar,http://www.doncesarmexicancuisine.com/,,,,,
Kellner International Bar and Grill,http://www.kellnerint.com,,,,,
Avanti Food & Beverage #2 - The Regional,http://www.theregionalfood.com,,,,,
Hickory & Oak,http://www.hickoryandoakbg.com,,,,,
EVOS Pinecrest,http://evos.com/,,,,,https://www.toasttab.com/locations/b79fd922-17e7-4ded-b8b4-0279054b0d07#!/
InWave,http://www.inwave.org,https://www.toasttab.com/inwave/rewards,,https://www.toasttab.com/inwave/giftcards,,https://www.toasttab.com/inwave/v2/online-order#!/order
Kevin O'Bryan's Irish Pub,http://www.kevinobryans.com,,,,,
Donkey Taqueria,https://www.donkeygr.com,,,https://www.toasttab.com/donkey-taqueria/giftcards,," https://www.toasttab.com/donkey-taqueria/v2/online-order#!/"
Thee Manor,http://www.TheeManor.com,,,,,
HOP ALLEY,http://www.hopalleydenver.com,,,https://www.toasttab.com/hop-alley/giftcards,,https://www.toasttab.com/hop-alley/v2/online-order#!/
The Winchester,https://www.winchestergr.com,,,https://www.toasttab.com/winchester/giftcards,,https://www.toasttab.com/winchester/v2/online-order#!/order
Lynch's Irish Tavern,http://www.lynchsirishtavern.com,,,,,
Premier Meat Pies,https://premiermeatpies.com/,,,,,
Five Star Dive Bar,http://www.5SDB.com,,,,,
Springbrook Golf and Grill," http://www.springbrook.golf",,,,,
Thee Manor," http://www.TheeManor.com",,,,,
Better Bagels," http://www.BetterBagels.com",,,,,https://www.toasttab.com/better-bagels/v2/online-order#!/
Giovanni's In-N-Out Burger,http://www.gcapurroart.com,FAILED TO GET,FAILED TO GET,FAILED TO GET,FAILED TO GET,FAILED TO GET
Big Iron Horse Barbecue,http://www.BigIronHorse.com,FAILED TO GET,FAILED TO GET,FAILED TO GET,FAILED TO GET,FAILED TO GET
The Standard Bistro & Larder,https://thestandardbistro.com,FAILED TO GET,FAILED TO GET,FAILED TO GET,FAILED TO GET,FAILED TO GET
Springbrook Golf and Grill,http://www.springbrook.golf,FAILED TO GET,FAILED TO GET,FAILED TO GET,FAILED TO GET,FAILED TO GET
Pots & Pans Jamaican Cuisine,http://potsandpansja.com/,FAILED TO GET,FAILED TO GET,FAILED TO GET,FAILED TO GET,FAILED TO GET
Big Iron Horse Barbecue,https://www.bigironhorse.com/,FAILED TO GET,FAILED TO GET,FAILED TO GET,FAILED TO GET,FAILED TO GET
Test Restaurant - Edmund Law,"com""",FAILED TO GET,FAILED TO GET,FAILED TO GET,FAILED TO GET,FAILED TO GET
Better Bagels,http://www.BetterBagels.com,FAILED TO GET,FAILED TO GET,FAILED TO GET,FAILED TO GET,FAILED TO GET
Roundabout Diner and Lounge,https://roundaboutdiner.com,FAILED TO GET,FAILED TO GET,FAILED TO GET,FAILED TO GET,FAILED TO GET
Mala Project,http://malaproject.nyc,FAILED TO GET,FAILED TO GET,FAILED TO GET,FAILED TO GET,FAILED TO GET
Bandito Latin Kitchen & Cantina,https://banditolv.com/,FAILED TO GET,FAILED TO GET,FAILED TO GET,FAILED TO GET,FAILED TO GET
Hooked JC,https://hookedjc.com/,FAILED TO GET,FAILED TO GET,FAILED TO GET,FAILED TO GET,FAILED TO GET